Weight,DownBlurFocalGStar,UpBlurFocalGStar,DownBlurGstar,UpBlurGstar
7,0.5042492918,0.4166666667,0.7563875351,0.9959440276
9,0.7532051282,0.416856492,0.8111944839,0.9952466598
11,0.6469248292,0.6499102334,0.7521839671,0.9908883827
13,0.750448833,0.6043557169,0.7581916944,0.9922854388
15,0.7150635209,0.4593837535,0.7160077146,0.9831846259
17,0.6302521008,0.6577181208,0.6448181194,0.9794672586
19,0.7744966443,0.6454545455,0.704772475,0.9907949791
21,0.6651515152,0.3886255924,0.6560669456,0.9465370595
