Weight,DownBlurFocalGStar,UpBlurFocalGStar,DownBlurGstar,UpBlurGstar
7,0.4166666667,0.3208955224,0.4864864865,0.3620689655
9,0.5597014925,0.4215686275,0.4655172414,0.5609756098
11,0.4803921569,0.487804878,0.4634146341,0.4949494949
13,0.3902439024,0.6296296296,0.5555555556,0.25
15,0.5802469136,0.6402877698,0.425,0.5151515152
17,0.5107913669,0.6449704142,0.4545454545,0.5555555556
19,0.7278106509,0.6727941176,0.3950617284,0.4736842105
21,0.5257352941,0.3235294118,0.5789473684,0.5425531915
