Zooom,DownZoom,UpZoom,DownFocalZoom,UpFocalZoom
1,0.1492346939,0.0263157895,0.1863013699,0.1946902655
2,0.3552631579,0.1612903226,0.3274336283,0.3414634146
3,0.3870967742,0.3092783505,0.4268292683,0.3484848485
4,0.4742268041,0.393442623,0.3636363636,0.3695652174
5,0.6229508197,0.3928571429,0.4130434783,0.4545454545
6,0.3392857143,0.25,0.4545454545,0.375
7,0.25,0.6363636364,0.5625,0.4666666667
