Zooom,DownZoomFocalGstar,UpFocalGstar,DownZoomGstar,UpZoomGstar
1,0.1104548139,0.0542763158,0.1863013699,0.1946902655
2,0.1907894737,0.140776699,0.3274336283,0.3414634146
3,0.2524271845,0.1900826446,0.4268292683,0.3484848485
4,0.3801652893,0.2823529412,0.3636363636,0.3695652174
5,0.4941176471,0.4558823529,0.4130434783,0.4545454545
6,0.3676470588,0.2857142857,0.4545454545,0.375
7,0.380952381,0.275862069,0.5625,0.4666666667
