Zooom,DownZoomFocalGstar,UpFocalGstar,DownZoomGstar,UpZoomGstar
1,0.0477869864,0.0272969374,0.6745144598,0.9965855741
2,0.1398135819,0.0904183536,0.6624342012,0.9928057554
3,0.2739541161,0.1520190024,0.5906988695,0.9813818784
4,0.4228028504,0.2463235294,0.5122052131,0.9604221636
5,0.5036764706,0.3254716981,0.5079155673,0.9471544715
6,0.4481132075,0.3070866142,0.418699187,0.7692307692
7,0.4724409449,0.3538461538,0.7472527473,0.4181818182
